dna,smol
8351.364505226908,2012.9417340456978
8401.146184099944,5012.0303121644165
3171.3270340916793,1828.3192107209825
6925.046540987188,1240.477677667939
4498.190344151941,2754.6817396356173
8972.266998277004,2334.5437594904934
7448.0759599989315,858.3912088776952
6246.419006302387,1342.8377231043944
3550.8056374471357,1602.3860580105213
3945.163048043088,1456.786584326827
1124.440635153333,5363.285017445504
8082.558964293655,1370.3299093714559
9074.997631595414,3916.4811531916657
15124.5058376001,3724.7844500118936
14083.833357952477,2385.523286873652
11209.377740313414,2211.9931754707477
3075.6154608772467,1683.36846928876
29394.880264012423,1572.8347168721962
5020.550515683004,1018.131755688836
19597.031742085477,2488.3456454083507
21608.74159013751,1413.152551727816
14590.904940495067,1027.0859055349213
34571.56736249373,4095.586619672904
15832.15321713526,939.0555968535679
3367.575405016227,1504.3398728123868
20642.45576781765,3287.217736623368
40703.57855203254,839.2837497983066
16645.175972410325,1465.0032855575498
10642.080478303216,927.6568654319686
3840.503185378293,1967.351809127476
21037.92546139628,1921.6434503323485
13942.026668659695,3033.801099785598
16273.752071950263,1020.259967956269
2496.587828435579,2412.7500943840014
31179.21606465349,912.231525683503
30880.44933610034,1408.0499029354473
8759.592111851664,722.7701915988583
12704.684573854569,3026.2367307779587
4310.807165970832,3049.9267170893536
11197.374977872083,2055.3299645958914
39058.9858529852,3082.108873244825
24105.963435740803,1441.0399132430036
5640.5961018300495,3274.269138936192
13958.573826837388,2165.1729267436685
15338.942463045563,2551.243043377226
10965.363699026362,1755.0735172289467
17843.336829071042,2286.447378290498
36939.08867906366,3298.228544196075
6034.9551960721965,1348.5262449520328
41123.17704995729,5071.08152865976
13766.11259762504,3784.0667673776948
28308.495573189368,460.82359611193186
17555.414983013117,5192.749290486542
5170.927451325091,433.05173639707857
30718.674419842806,780.1846158127485
18355.835484191768,1773.5985738360812
5031.172351859646,2462.7257573081424
14870.584127035321,4220.886602880886
38473.267599440995,2183.3186946739797
18763.297782252615,1878.1604222218994
24873.297776121184,20837.492579445214
33647.36629023565,2259.0425305710587
4084.217479653307,1723.2099264801586
10645.859179496889,893.7330935317868
46355.35476525217,1785.49591753163
11517.048400574158,722.8223747055961
7874.155142125161,988.3163633065346
11493.066044414423,993.5820559383563
8646.92429911417,2171.448901868966
4505.886337808542,820.6614701322018
20862.764668123793,2557.9796332602655
2587.0540830598457,4156.994534843366
27429.427706194823,2362.6925438127582
5136.257664396847,3952.2280535195796
27410.74353690844,2998.6230923575245
15139.588816178239,909.560630297048
22273.686702615083,3877.4872648808705
32485.55908168337,4563.307063709849
24750.735991520363,1849.2299502215847
3206.2810152092616,959.2715576953424
11463.624057974112,1865.3602953428588
17837.02515969196,2325.119461253249
28687.49748861475,1163.0062435093719
25429.894430056593,1243.0769861359518
2503.5964987859575,1235.3475735193372
6013.024067591549,3463.3312321098797
25718.39867516529,3239.5835928823008
32221.001311894925,1710.2586735818625
16980.792022807087,2010.1434666511636
19587.884830270457,1494.8904105145375
26870.784780652884,3057.0917128225033
25596.440335678315,3960.742935599998
13995.423074103357,3428.549369283119
30813.192382538353,2503.0970326627444
12076.926562854407,8151.935204154784
11183.162572209552,2197.152533365043
26534.326312395104,2851.3705041334288
26894.913951017676,370.0630198588006
12729.262513934595,670.9775534576609
8948.582566621744,2037.1216971992983
19760.763321657338,2139.362360207363
10617.612882608164,4296.191509909517
31099.60164620248,2982.878952454609
20823.669627557043,2990.504498417017
9070.281330064015,3405.671837736315
6015.424735050333,1012.2439208118425
25698.264664142425,1165.4938568050072
20110.61015515346,1308.4027766846627
23181.91620859501,1247.1365656865155
22035.304435544673,4404.216057322222
12832.99091775795,3256.9716421219546
8353.488679419042,1021.4815710890944
12304.124442591048,1858.8944206785968
2834.421947893068,2449.9285124802973
17195.37905287692,2227.8065165271587
16935.10875792092,3071.877892102419
29988.934056802205,1412.4844391954607
34504.50458000813,4692.638529234828
6426.049531049326,3830.0431611147114
16707.912901618492,389.2804815019368
15170.0275550605,1416.1359607315514
1664.4456221458513,1037.97563650274
5205.790591088842,1091.8543777517416
8282.076942827654,731.9908290832537
13976.56670182125,655.7313071737742
33498.082146855064,1949.468147237858
5231.940854457819,1911.3275992071826
4442.547619152249,813.3031750794519
11346.508924512416,2068.0656467469726
15964.656615744318,781.0705407825847
17242.04734899979,850.778337239351
5472.194872398723,1005.3791132949644
13413.544890280584,1649.4193448197939
15885.139920760892,1024.980418326276
6422.490888644036,2705.719740968167
776.4180978745638,950.168946834102
6507.470800132643,3436.6758903849836
29166.550968732518,2143.3490901050614
16102.94334677629,3311.7370886706967
20724.921270718438,2078.6784709466547
9280.335215405901,930.3001742031125
6100.7959829631745,2497.550997200692
18746.104132817934,3163.2712116319785
15595.332023114624,1738.3512830415261
3683.3120503819237,1093.37750230566
7884.116278403564,2124.1912405949124
3287.5783636592796,3357.603059471053
16853.687152073126,1356.7155776385139
13604.770669269203,4139.760092665532
17711.33857311491,1411.8934562226923
24082.284907593104,2734.0700347172515
31274.84630075466,640.8879529446449
20655.753638223963,1436.8555326179057
25983.970097684607,2303.8314265353733
9429.724596683704,1692.704126385805
7927.127961085846,682.940903002731
7848.049425650391,949.5368728563708
7968.991068485368,3162.289158853698
6235.427258717302,6390.681114768858
13344.985174238467,3454.449245385707
15560.306654718168,1169.5245663295161
11315.92829498023,1518.3820989226642
21685.214108900953,2504.203545468601
8546.683687708537,3696.3814632954527
21868.121637939556,1948.9502512774193
5136.617658994932,531.8199405044356
15200.96532640729,348.33622086735045
13627.096461968233,1353.6727790766197
17300.65325953099,4447.841678554986
1827.2319019067254,2092.110980404217
31641.538232169794,1268.9018149769481
26483.67770914727,2236.243979092028
20318.884853960404,1851.2347428631522
6374.9234444047015,3140.7202682579123
22614.420577210978,2981.643226698606
9592.792371695958,1149.126870300612
14697.88997661443,563.496065631904
9232.410949722656,3415.036152797215
8115.670363009484,1512.7514665677675
17722.967228067904,2889.768993740534
16195.156589820781,1869.137576832169
11107.33941835686,1580.1693332597192
26857.486432216574,2166.1303093514607
4418.814094112808,836.7350767760929
16873.436032916263,1520.5201630032007
31423.047387212384,1951.4706869497124
18156.35172918361,2599.754380605276
14361.707986330168,5598.583704240253
29016.32937806282,3450.2224429382113
15537.990386430742,1781.5620413182278
2761.3909487523556,5451.136198327173
41059.41281866853,1437.8303673351538
16128.831970594512,3295.451967861976
21988.782359381396,5238.483985911733
19979.550043028492,664.786417665791
4947.522922193662,2732.2832462268984
8961.936206224094,356.00865526849907
7910.248264684436,644.2613246877662
18332.763285732417,796.8114909262624
26952.259607963002,2066.3123274793415
35965.23379549433,1881.5515791247376
9989.317154357377,1736.628973956772
23818.813620773282,1273.4356839804886
4531.009624050057,1462.2178507452363
9953.05167473273,1914.9373850998443
4097.043775776807,1740.6326079127189
24871.209125423084,2798.211261701851
5885.622950272777,1153.5908760634632
19714.599287505287,2120.6206371972094
10177.661150178648,4838.786574070373
18016.292246645793,2405.918338493515
24372.74990820239,2660.1243857116992
22428.47256081119,1830.4921490944455
24264.15216558611,1525.4745702477717
22901.602358169777,1655.9003684544848
9861.758645668877,1018.2451849127136
8730.778576517641,536.0006589823774
10088.941358714525,2196.602333644674
27938.79147125735,1855.9784515925573
31009.895175194823,1883.114563731839
6722.091206572529,1352.8822572344639
15779.855645684624,851.3062010263806
2900.745365306654,769.7944732665642
3452.629854451393,2368.8848735931538
13799.623905989336,1393.4634838510224
17718.345743608344,1264.5700801082676
2627.4265751190924,1583.0780286203926
1624.667605588458,4268.581479360796
12843.257211996302,1392.587216428824
6344.958905341529,1988.573003887197
10685.704883390368,651.3468317458019
9963.446289663187,2150.077129068248
15702.916762438917,2825.772488426098
2325.410562976275,3949.5491622977324
17261.51601395562,1287.7701220388728
14894.099649314017,2825.242003839999
23359.652312843486,2396.6525806082846
3447.662801123633,1985.139259340278
18053.149387081452,1611.8792572203724
12027.036902114069,3072.1242195509817
14336.788493227654,1248.9411962975453
9342.453960422788,420.6134324613957
2382.4490952596934,1571.644242693007
7380.600863176583,1542.6470002973472
3875.688215504624,2244.681054550503
19615.762774503208,1233.1045866795332
8782.419984251474,2488.3436548904115
4019.741221083541,1618.6686199650744
8365.696216800381,1626.021609249234
15291.914052503329,1478.570161271315
17391.967337630933,541.2637293903939
13023.59773482099,1196.0553866256923
18576.867257918668,2492.6832784902394
23603.325397504806,2260.711750602952
32988.09157640842,758.6119328322173
23577.069959534638,1279.8569006726395
27542.42686290645,264.78842777113647
35361.30454145563,2765.7629504374786
17733.146213490818,843.7751184139736
23352.507964724187,1163.6911714229138
7542.580372060843,1958.5625139081515
11303.673915004794,1046.4117186907604
5761.291504488892,1738.2108521774878
28109.107089838075,2556.237073503062
37188.7668264205,1787.9662565458607
28657.65503282549,2368.7160953079333
18421.597007615343,1941.8076285150144
21728.23741678378,2929.9588078031275
5174.962481458481,3889.1905151636934
7066.069232975821,671.8905136057892
14570.81527788374,412.55049828925155
16293.103588175625,825.8983604969904
2199.7020336830906,1381.3377661813868
12311.771985546431,1247.8128968123783
21154.86822576365,2293.559624007291
5556.727116218751,3289.6602027664703
16069.34936683375,1265.0233017321418
18075.873092909853,4856.857884182514
26876.5557951304,5119.756942922877
20532.024019406297,2615.001622618862
27165.8006868219,2605.1132666661906
6963.684348794108,3870.0046836983297
9653.209646923146,895.2478877469727
24363.11508746829,3945.1232160596082
15953.511445007844,3019.048477317131
14747.505874915518,1845.3074638895512
17906.504135394953,3726.6452220495335
11971.204847426154,1529.178544571323
8885.84002115516,2726.3356902457253
37258.67869515652,1746.0299652803858
16513.86470750256,2155.326169298448
34995.64773026359,904.3106402647174
5568.157405082666,5552.380477490911
5984.157409191808,1388.9456005628404
28511.27547010446,3191.4888261276824
2788.216452484142,2661.4826392825516
3343.6554165516613,1993.6914679098543
4282.874407118461,1369.0586896258328
15712.947663870382,1038.5248955733568
29757.09274162425,1879.1635745957678
18942.441367057254,3807.348924317418
32851.24797325594,6234.936571301246
21526.08354249653,1743.1637567105984
21227.22288369708,438.2405941340853
3292.400950465912,637.7005136402432
3294.878805952333,1408.2926425757125
20778.59605365328,1606.5534865210982
7788.606739218516,1508.967881959763
18330.954471071527,1454.1195219335045
35370.19245774511,694.3890378535527
14511.651438257659,3419.5262492521983
2736.577224581944,4152.688293426358
19691.123351094044,1046.392362148916
28208.86982800994,1813.6375215809337
12537.891378380717,2070.633458627181
14355.137436377176,1804.3951007534547
14687.168859432684,1017.5951009353261
21773.401678843693,2191.1560106459347
21045.7224680907,3027.7440388923014
16484.908197179717,2555.1641228607036
9027.425659212913,1088.895895820128
26979.223379646937,3130.013919388964
15032.484534432899,3369.013973509106
30108.863490471278,1316.1815533173294
19033.186014040162,1858.1728654463197
31234.736067546277,1680.4137910863876
25038.181843917977,2555.1459315583224
33155.47609792937,2706.6603643995404
13625.842545508167,2025.913916708524
20616.832750079484,3061.8313261435546
39044.99887579298,4797.7239809059765
24744.829981407227,1617.380365071413
24022.24324236199,1700.1180580747832
31167.320799110694,1553.4293993844262
32728.35869802927,1636.8882748999026
40175.52449844394,3347.9662301150524
19747.923372753077,1329.861174909683
18954.80974761137,1190.2375956722863
33605.908445388755,2098.157628488674
33098.48032381995,4326.739703730098
6813.787304958439,629.5192090014747
12507.917834144637,2467.1086040105943
6541.136404417419,4864.771893221487
9679.339298787472,2484.077639003433
18994.21724769649,1952.477692238741
29578.240144415093,586.3805428108803
25734.076358886425,2464.1844938318222
28087.19305013845,3960.310739481704
27175.89230162097,546.6166913723622
22066.274021756486,5864.218160776565
12865.059845095224,1146.925138404634
12267.925720458914,1715.12644317475
15590.930873526904,1687.9106402489472
5190.076863416552,3633.679038579462
4233.955606372907,2508.985466434932
4022.8180636471584,1732.2148439557968
21053.379886010665,922.9804130233163
15076.306854020817,3021.0766298153085
18391.26560579943,2418.6711164724393
10321.544135229748,743.4052134089936
13436.984622069685,2369.161992172315
12534.21227803498,5103.211688585675
13346.427315523926,1850.1519044899424
9537.753564267497,646.8404782183507
14615.293237183396,2960.8622778799636
3982.0318722476227,1134.9449278207783
28530.514792647304,1416.227408673286
20544.34893907591,1104.3728083101014
14304.640299347997,1561.1297055809034
4655.671638803652,2494.766517506361
22666.370849993862,3109.1401043611963
34205.22989110008,2320.5346091087868
4479.444115572887,2967.024502205026
5460.862305492625,3453.697890882313
3975.1800854728217,6002.709998839278
5208.0244956476035,2525.7400004049446
14076.310512124746,1046.9803559922486
11482.037998350273,1347.6435794197275
25940.53596962626,1379.4099520570294
5694.7607022866405,226.6278533507846
31915.40310650115,3176.4196560470837
2671.026017443384,2732.714905558675
5862.014684341467,1310.6365498945675
13036.08639237554,1855.8336581509398
17738.13129794492,3391.1937543283016
4048.265861021604,4067.3921800617895
20435.124516868855,3068.2730191800815
5006.349446500391,2223.106543213779
9772.476807705247,5313.264853983079
3765.007193894792,1189.6670684992796
4906.195465940962,1563.271813116595
10134.710395326172,2437.557076011139
4381.14244331589,1830.0476733697021
6822.157950490299,3128.2628038140983
36911.09625775271,922.1444665653393
25036.678439155097,2496.0403938422646
16806.0864040618,1622.342455414122
9581.523098642203,3652.687874157527
28547.632643999634,836.4345389896241
26369.01962459818,2478.9547724607564
30238.834449447117,3477.5852500763813
11092.394190013842,1124.947468817988
16122.237293791943,3085.6681654871036
25207.537106637054,1519.0413031566848
29994.53525650901,1556.961304633658
2506.3074055551633,6538.417940680506
27971.235026637274,2119.787007652499
40482.70149069713,2863.839820962633
18506.12210226548,2446.21475104409
38378.23175314827,2331.2279439278623
12781.172799114054,1512.8344776044069
22339.425435250367,3857.186313504598
8815.896328160929,2021.1848257697347
12571.582426959263,1692.841080388893
23960.156178787667,1570.6772721695186
28147.38706694606,2767.4929230209864
5935.6392550995115,963.2269424151532
19093.793142896076,2176.8024653064067
17744.104070593767,3237.0652153029923
10623.750783259424,2146.349306921409
21920.07359119229,1756.8972510428246
13883.305153835061,734.7340699451858
20559.506032998175,2243.724717201013
1702.7042679947167,5104.302343149041
12680.140304645794,1390.796648750106
16096.728757013192,1689.503497312175
31153.84999856166,3154.182145874809
41361.33855356721,3747.471657393911
22425.04636193162,2506.276264396064
13571.091048013262,1338.158377817087
19891.07790948412,2294.1321299863953
20577.96418902546,1162.2313208227663
28746.268058450016,1296.7460843777603
17931.349624995222,3814.3748281067624
34714.11050952146,8105.943838808612
9942.898964831984,2434.5783957350563
8803.566819728057,440.0150317500073
17962.833149314796,1875.3573442228987
5445.15599147348,1810.3625199721896
7290.682762331868,1306.7596835868853
10533.966202907779,1879.9583981567334
2383.6031571016047,1498.0064928221682
29488.47915594945,1160.466828934151
8319.344815262542,9500.492273859358
9273.520182658163,6094.797091000634
10106.163500352173,2267.3886803735754
20960.03947259852,1712.382595258927
24476.062094959972,1635.3856553433664
34593.93072847086,2744.7861891310695
15982.431262855927,1100.677416699319
10204.790217790085,452.3129896305076
32965.28213028856,1598.5362356356763
7311.1081379171865,1027.4903863463273
32720.666123365583,1622.4505287941397
12900.226020786477,2149.4840084924126
6949.883101473582,918.1216803185185
12928.550028231437,2244.55027017917
3369.247163435901,2732.7236241901005
9860.383665629925,3065.621593168684
31105.7258326376,776.7008035426327
22554.08965512431,1998.7177383504697
21852.28813539011,3245.577574690035
8481.489792660666,3614.381457093368
2142.1822547796055,4742.016015255258
41144.02625165757,1574.4194373513199
26350.011298569247,774.4716218213006
16842.072995375293,3498.4616235461967
20274.979362059632,3605.6492645320045
30511.84277506048,829.9171763846548
14878.220892249756,2395.90221427961
47380.004245841,5063.033671200836
39095.38981831141,3349.4879064576967
25766.525617882387,1043.9835965735592
24694.562963461292,1868.678673446848
53144.67912988999,1747.660647098998
30603.023320202155,3269.607228856072
23983.675973144826,3522.3619455100334
11155.443422828892,2217.665336681596
30312.538557142085,5809.328050098905
25244.917160665555,2379.555249101822
36789.85231498852,844.6010806285328
33859.48502500552,1391.791541821259
33213.848625457984,6262.608425468757
17155.126816220083,3635.327127562638
41211.14597577815,1941.306160198445
30457.97712689351,1297.3363163343085
8175.866208374498,1020.5555667012043
14004.842487781345,2026.3488758482204
17870.160690300967,3996.8555040965475
26639.028621036185,1491.2529717308923
42382.80018678893,1207.2197727648247
13658.76771330526,2533.88268765486
14517.096815593544,2029.204739956309
8347.517855878119,3500.007078326342
27791.54741348046,1452.0216818380177
17959.23093724801,2233.2697668180167
15387.79872758467,1529.5624044434396
45591.950680661124,518.5342579249015
14448.701767984589,3483.5533914843877
19181.058290167708,2570.1307738635132
21685.708944685153,2715.9255887067798
28162.427602213786,403.79809452844887
16428.783004841447,825.7145471461165
13301.68273806475,4476.722667358797
26397.622361067337,3153.544438772558
23462.238144764153,1198.4652809206884
25688.698795206474,2044.449060777806
33965.33113484388,3325.493966743321
5041.7297768273,3342.069903588315
9034.293004925077,481.4420106807704
26630.647998447253,985.255451217077
37979.549623219806,3853.351010029148
51981.30785664835,4558.9053850534465
29137.13332602071,1898.0341961086647
15871.974001977967,938.3428487066249
3250.33669786741,694.1488856125659
12640.055968010343,1951.2296712047246
1573.825193718654,1584.1727633898838
23136.847811733525,1712.9076412711247
10943.015452535641,2057.6511232618805
10748.637588648564,1738.3268991500124
7314.988828607547,4032.431868868969
15917.64218357199,5069.29237930367
1161.5126392035559,1178.3753898395153
7265.3123748815315,1954.7344339131623
9931.199366019335,1630.4832688445995
13197.22555466964,2164.5431215975273
14556.060209741287,2507.380257401421
13910.393334344915,4073.538077571349
6181.513417883429,698.6847776151333
894.4645967554127,1596.8258578325087
4152.314472834151,2777.987257176841
2726.9830466150097,3971.6664985729262
5426.61184337333,808.0552101196989
3777.8321528773354,1233.0413094733763
3641.2864137452425,2202.482681024645
7732.228744729369,11418.623562567556
13497.406339878888,3292.7778371466693
3672.7459857260956,1341.0101132176083
4163.714328863331,889.4088814304243
6955.818849348554,8123.356775661536
3350.021661778049,1613.1200327667666
24554.572632500724,3630.0580848265445
13119.44398921051,1310.4377410847505
17445.40961412521,958.1606610988747
8995.694675907194,3371.3662806004504
28599.23876761376,4999.933064781561
25835.68917122162,3542.0382633539134
26052.53483644396,2434.370079335022
14596.886212222174,1589.9025689104667
8352.668855289263,1979.0343959477048
658.4536309442949,2388.1036008265914
2964.558100504545,1201.2790905260827
25171.77260791087,2237.2982349800895
8519.377699872904,2340.579499451117
8573.337390217544,556.9542412746259
16305.176963824888,4193.16538815811
13933.245204334267,1443.8415858169053
10639.31829992543,1844.898446292488
16775.701043676847,4145.691965937954
20686.722477550775,2223.547300661507
21076.984679676792,2264.215701336183
16022.671139941092,2372.897639332974
21865.217727510993,2598.599099243068
14107.002151441038,2854.4525325301242
3671.1406653979147,4052.2396478962937
20542.24419685097,798.8469591885784
7002.657963098838,734.1563302094835
5045.952231105512,2219.9655710155785
2525.03495708146,2898.630274676088
9051.04813855433,1211.5988144895925
1639.426131040141,1536.8197504499417
2743.6402055570547,15194.844943298605
23303.693938339755,11664.647635010839
3064.950917504649,12461.241175781284
4950.710480346272,766.3020928753203
13057.044920738052,1076.5620544084652
7637.831225788407,1093.4885130965135
5045.8124558788795,1187.0820113069988
2339.884722178068,747.7902767485523
4630.673928640599,2571.8313626620707
11311.985948689182,1236.8307898305775
15811.306321151842,1382.4032905931194
24674.50214190163,1199.504214538519
18145.215069203525,3305.544839777189
23551.657267601964,1236.1993380284896
20827.122894858585,4099.858083264744
8958.210424709523,4453.4413594555235
2498.3070608869057,4481.381257041748
4094.1547689475005,5145.467302925414
13430.800621533132,1352.7642813525313
18183.97911076716,4556.069832273075
16398.746663434373,1412.7662959111155
12158.413463545221,760.468750033988
6920.975089867612,1380.0236545333416
2211.3015438923917,2897.779502375298
24560.25194101165,1502.6467359662088
10125.019000438904,2791.072678019287
4913.103238249777,1685.7499995700216
20910.063570081475,3045.3273100666106
6348.862742973443,672.1870992387555
12871.276424294501,968.8583996142996
4474.509017873485,1360.4075013609195
19332.171917205826,641.759282378533
15749.698237284318,1618.642082908059
22091.10470928107,650.5692066667623
13472.294308271503,4599.781830560749
21106.815966470807,1740.8015110704705
33476.12316136513,3717.840562828387
10822.370865545736,2128.6107506116864
3519.624441386587,2668.361512108559
20154.243987876453,4452.093082096611
7930.909829724236,4610.874267641647
13725.94122647399,1647.4530825582278
10956.991053888742,981.630330114993
25514.065432762778,1734.9387029842228
10014.011006786215,752.2619200974026
20081.344318270258,5197.963801513086
21884.8208561374,1539.043126879027
1517.090699637698,4386.576495023299
6621.567531817137,3683.5934302681067
19533.502774206292,2401.366627398049
15792.619713914475,1025.2888522727558
13965.44786428429,2471.1951447233546
12549.940355107297,1303.8920809509857
21997.476875756754,982.4617418373538
30232.684293902523,928.7878177039736
17923.15309678486,1680.7696263438036
9679.701097573789,1081.0144232090684
7900.470449620631,6075.69773476951
15675.78968501653,3685.4186464049544
13477.09115657405,4448.083582167207
7951.3616215055445,1740.0659012450876
4098.474206026464,1407.8457144664446
13887.058318536578,2245.4010711161304
6672.430980314362,859.3323660569284
14208.294919635868,2110.397900975929
13704.251000384258,1236.3440773956897
29246.808100613798,1938.7633407805474
1784.4384141089838,1527.4559901265613
6157.847650976747,2395.089492141855
10526.59685834717,1332.795308731312
14641.027775507127,2228.9315738200225
23649.36012339505,1656.700540979985
3980.176067994074,1825.5810464139367
9452.079015516492,2113.707237665364
9984.115170687266,1016.5536797665576
35399.20367014774,2163.307372097366
3228.452061744335,3718.3750621398035
4640.043516041785,1710.3433810005806
14895.310637594745,894.3249300749263
8085.74495910051,3216.908436275437
5094.068810873559,1946.4533697361396
1252.5008969597434,1452.016193377347
659.4327886804679,2332.701584789473
4734.211077554225,3149.705031120576
779.6095464801235,888.4614499516651
18066.573800698552,1923.8584938314912
1988.236178001595,1884.0974449872665
1544.9934614958042,1590.504494485105
4436.674648976523,2509.3497739368295
3109.3452662575332,2448.226118638364
8282.997029962587,1391.9289219811549
7445.654713807359,1479.7102783876446
21753.0748658147,2698.6627016809143
10145.385990508246,1038.598003857532
1259.5114437867508,2622.093440893913
5367.3708352001,1257.7461023746662
6400.6358790355025,938.5049012068408
7796.095024937475,1576.4722791166444
1858.745737718787,1531.2658156886919
24102.453436438653,2460.2040753540655
25128.90181620726,1273.2960279635788
14797.83218074257,1171.654301162693
2802.721789607545,1891.0083850807705
22423.53391306425,1652.0163049769146
23110.403280877756,2517.003863740856
6405.071626417084,733.2162505356781
14080.51430450016,2659.894926666384
18083.485291868034,4168.415238029063
4328.609154006176,2240.4195057095876
1048.4400475220657,1745.8036979973472
9201.283634113357,3162.7258879916753
20022.574273387527,2797.8790373864804
7811.58202813001,1800.2482811597667
4476.032642275327,3097.187032978116
11377.843918866813,2278.8610247647675
19882.038314233527,2833.8166699606727
18814.800096940355,1529.7045000591238
19709.698948185916,2830.4835889291603
14350.36508877381,1750.1725181370198
10500.521852187507,1348.2254016229667
16549.161535252362,4483.584008237798
6584.425716600098,2332.169165074213
5493.682203489216,1325.9561054217763
2032.728314282675,1506.151682325914
9004.175076929512,4109.855642314587
14635.022122346849,3843.4037631564393
3985.111824162985,1965.8168017959151
6410.111272537414,2801.8517764146386
18794.579092411008,4207.8334738214335
659.5296700493058,2741.2763491078554
5323.20791707465,1876.0597636650464
14251.824973013507,5099.908829792372
16173.295903416973,7252.8617661158905
5358.717788553653,1720.0110529340432
2896.844232058484,1156.5072150254318
2496.028967126456,3056.011912234897
24261.561753933645,1244.0474842141373
26022.05601754204,2024.617063703749
14833.42175967764,2729.1341810377
22912.076178529573,2805.9925646804104
13624.005898401885,954.3632983887233
14214.335786970632,3828.9642209352014
4200.477407307272,721.3397550313283
12649.574460846427,2597.5429841336068
9420.597693707623,4276.879956840584
4543.6799835003,826.8352903892761
9903.118032729488,1215.1647211815632
10947.236944066846,1706.7013724515984
7315.899034133081,2757.9467101350124
2988.263443807978,3227.83431063261
4996.584459339031,1485.8554884111522
9634.146942658566,2401.2202927200024
4978.587461555895,1026.2071851714159
5816.125811350709,1647.570394487483
7276.354221772671,1715.8437784773157
22049.102304592834,2123.2884056965313
12394.444895659268,1301.194895808405
27957.038632268876,1848.827668105888
31987.209828942352,5840.288082219729
7257.7120943633045,3189.5786309196583
16614.76808918547,2995.2857759836957
2503.992124304616,1642.2153450290095
7050.8632421624525,2730.0107636342796
31709.87338676694,1244.5357852922123
6886.9602095418495,3062.8783173859542
23344.995366750896,952.9573432581954
30656.9562682385,4611.849955634991
18981.228218408098,1628.7346942932788
16012.600148398922,1357.91275189922
27209.41363700177,1165.6782601991686
5397.560685096748,1268.1193203190405
14415.53732307788,1064.7924248033187
15702.09621099089,2166.5439972867334
11909.771437407713,7103.126126276467
6261.845495806991,3257.2552984969516
22422.907615252316,1486.1212181538776
20652.310311241956,2444.489540114269
21474.078362676733,4089.5024504625867
17119.43789572221,794.6449494684858
7485.496888495984,1783.3756601706214
6301.619706884408,1572.3104860582635
13505.809674917473,1518.7536692265999
22106.592233996234,3103.7218486887004
11188.485269487395,926.3157435085076
2706.172396838202,5543.574397782511
5546.437851452602,2076.3744085709586
2867.4179141571185,2492.586284451988
4918.794076960878,2282.0377679167714
6622.245398130295,2471.206204939643
9578.745634036375,2086.1511143733164
28186.005048083865,3300.9787838689645
20365.198026864666,1734.0031850672663
5884.610450673803,802.4761305647999
32602.43485060669,1960.0312581552137
16385.61271108574,846.4027250653966
33738.974770325076,1903.258745013782
454.6871194682308,4629.703921672164
22075.758439428402,1606.5722331838413
10544.27595140969,954.1261379168103
3946.370699046574,1450.2465848522854
26152.778499176864,1559.7995480006061
18148.245148058297,2695.2384054767276
10213.151800225161,1263.2830382571474
4795.085882619121,1813.499835552832
21788.691650619356,1624.2363859208822
21898.3191437522,2454.3494079718207
17182.685083154596,2968.896249138179
24713.975251288535,883.2057151868779
22167.490285820168,2121.7178223578358
9098.25698276162,1111.3176582424505
1929.3114979917423,1130.6329711210801
7853.538304583058,7495.059852263064
10992.228503708953,2181.8088914056
10194.902634195076,678.1974041577768
15679.095458246544,2962.7003523773533
3084.497726127661,1472.3951414640721
9575.58860917148,2900.9458026748307
14003.893769208795,408.0569169032163
15514.333201761146,1162.0883042292728
6998.708141942968,1383.4971728378016
15050.097191954856,1680.1512570725713
7665.988457075387,2178.0169942720527
1974.7887649646602,4315.056711070635
14000.527504581567,3983.762782560712
1560.1036042324909,2337.98958027804
2470.3837222888646,1261.2066745113707
3923.5657085059293,951.3381908069025
5160.53428494718,1446.4284333387066
2330.3178314349584,1309.1028984290194
12246.448272452068,1889.2815680377926
17475.383253101878,2176.8267407415865
13527.660891624462,2326.6341059266333
6431.238757332656,1789.9279158357317
29265.32291802839,3496.5439171694793
9828.889882082834,1714.7166723061653
23666.326020524804,1373.1866778381795
30273.621329866502,1466.0914789795097
17951.8383277842,3532.5287369078856
4136.876585648323,3243.692734836827
23789.625894902292,1745.3234251465026
6441.839978085185,6059.612980043334
19079.825823003328,2262.4128377354255
4422.424480564567,3145.113846444951
7897.541818681346,2458.9709274426764
18682.707977303187,1773.8320620148843
6715.948441264959,2443.1617283497417
23501.317148145525,2742.9461624736064
6525.135497682634,2352.7689585015723
15016.422056075038,5491.941112778515
7965.759953876121,2564.8720687347286
7946.094581963356,2037.0070695100526
6184.2426514863255,2949.220942639798
1205.9870531900112,1879.9018809656009
1341.49531457391,1414.7644067309218
4349.3817965007065,4009.5197972475175
26836.72370542045,1498.4104419681657
19926.090804664163,829.3780386645167
24105.237301102054,457.39213486255204
16157.622012167556,1046.6567914576638
21591.93908652435,294.87901714185307
28079.02260391081,987.3759364324769
11196.025272861765,2864.798707354763
14835.526682886644,4072.8456240490445
12003.667120438744,3906.29531878094
19229.09847087401,1673.1669652235767
27109.56439576382,2723.828937401379
9806.45616369339,3705.3326450017453
38348.8724380568,1379.8937434098061
29454.473233472458,722.7767313186462
37056.72252021492,2904.433567714748
12525.244410149466,2317.2488403127227
39828.044849355836,1805.9048366346983
21696.482675629566,3278.6666424764867
29761.311911587683,707.2482280012703
28769.7262629602,6278.691580343455
12917.323871528204,727.4396739582621
6570.436828860307,3433.059179371626
7117.637076980934,1222.351088127937
29691.504670319868,1865.621038052982
23691.189140412902,1257.9922211733067
19770.97154013124,1803.2692596138231
4364.327437984257,1199.8043305445979
18150.155255396083,3537.9121000794485
18853.2205431514,1694.4864496470896
8281.630113608704,2168.0935479366904
7436.259914687691,1533.5199244712117
8778.305113582295,1855.546601149782
34396.60722390954,1527.168789349897
23235.57271670919,702.6115130043524
14230.896125684245,3806.565610329876
12101.238041346765,502.50777753283785
8778.559049604217,4540.479445275183
31351.541426971668,2071.915550557964
9856.034824614391,1738.4132030094963
30553.913403221257,2458.749451543796
27563.24413721302,2689.633838058807
6794.17671361642,1136.9151368380121
13921.573605182271,2309.440270586573
18867.88365135551,1566.860778945911
22586.58137925529,3076.7130499805917
24651.966657620174,6032.470145026943
35507.344238316364,362.3491839164008
24829.69231073277,4236.333150614057
5649.187528426477,1557.3307004625321
15579.862383494748,2251.788794521252
16475.78222936566,1595.2792481008105
13511.70610343325,1881.426770105258
18873.164904811132,935.0105135565958
12474.85388916524,612.824362935301
22496.73444160688,2368.8815214378656
8519.392995145803,5553.728940821586
13670.793820242694,2226.547244766686
4238.64963202045,2594.1755067796926
3588.326745131388,267.7475420588473
2834.749430753316,4216.705846762828
16220.135307349077,3333.7579299633708
31087.680529933063,1138.64541764684
15865.255506146725,520.142867300055
20919.75169819462,1013.020861351571
15293.800000323408,3458.844630427792
10863.502472510938,2365.900535311709
14332.181734610145,1093.9441036282456
31270.340529603494,2219.7878224541887
23840.44525170473,4417.69967525239
25025.910430782773,1795.3752398202068
12169.763273302795,5449.392860830514
17245.047578499845,2720.366659360774
28504.23840297162,1575.3938719858409
5965.178253523532,2154.7036204417177
12032.907256711984,2485.8179163022955
44492.025244797594,2602.5014285060975
34465.222536955655,1123.925454282141
33040.83004792623,860.9931495825623
31394.56399629141,1618.3072438639254
10417.660682448855,1030.0060179022244
22081.100096280657,1861.72651490341
10420.937615782794,4223.013894684917
21119.558537509256,4037.5618445089826
25119.533895380126,2791.4769347779493
9032.776887129345,1514.535560531658
40002.09192917651,820.8770400425772
23544.47003565731,1431.5650528271972
13411.174386620572,590.5321392275258
13433.900343069607,2512.296799680309
6486.931439651783,3523.847714930999
15612.04682789583,547.5140025177428
19931.23529720353,1108.1822908897282
27192.7566471631,1628.3382924841235
29195.630748663796,1227.9483458976977
18919.655633844377,939.9606379862387
2603.4131629858734,1304.3518132787938
4563.09602552919,629.7930148168717
29593.820822106496,2559.021104354716
24474.06654512698,1843.9699021533124
7301.530144433067,3617.7623876413904
7854.609502061375,4561.358759822564
43981.50289164772,2448.201358820719
37752.75000539976,1974.9832773590385
21949.834253101693,1309.7120157944787
32366.632548068766,2459.404186865349
19978.456645972743,2396.994922198478
36198.30620407313,4563.418082925606
13039.203054326746,1875.1453701817672
2628.7798683677443,2170.880160594671
20174.59752876763,2946.4052518597973
16863.459524195965,2282.221215170842
31977.466371495084,4386.522098136028
23842.260792897843,3073.4266257633085
22029.107137350165,2279.866088594519
49815.22581421833,1326.8707651433288
12935.018202514704,4527.382509554413
50224.93103012457,4159.397447135343
30338.296865536657,2143.0007000564474
39163.03494452239,2925.2611552279313
19523.753162454937,2906.157789866441
17182.71089516295,4705.635792228035
1468.4629883008427,9038.62452101548
12049.57352255802,6251.263708851144
35631.73840863964,1619.8601643631423
4037.2260959384175,2542.787472411411
22131.958314299816,3758.742434082699
19174.548564665954,1065.3672926040258
15108.751462843913,4264.058153305546
11952.245988293458,894.4469595761853
25390.799562321376,2661.4539838546325
14745.223805237503,2094.9092209972587
21568.000847142066,3846.761547594825
13320.101967510906,2981.035409545199
6272.044893349245,2777.8858190346846
7602.083943605666,2377.4805499893
47417.397477698934,1027.6605627153344
23104.98505055488,2020.5755254775854
5283.601563860104,1503.000962252508
26583.130162092646,1779.5984488077406
1752.6549290919074,1560.8179431928374
870.4924126735033,2056.7124187614377
8358.815699474308,5071.927262944163
32293.114509544066,1201.1889541802745
5851.808235046693,2265.612197974684
14925.527570167655,3117.7947578456306
2187.1078305411725,1297.8798799721496
18942.717056395766,1601.1153979843707
24342.425704936402,3164.611324444153
18544.212149079915,2040.9271409903577
22433.49617239152,4675.779181176641
1162.7714754315618,672.4866882749184
22255.88543163865,2385.4507292735584
34582.55505605869,2013.4937191702525
28834.726071820514,3360.482922997808
34864.331052062495,3503.44929206561
47349.50683753989,2034.189762996546
10028.925911722936,3074.7070503979044
36566.13648517378,4116.049919666445
12771.267839916538,2528.6924260640712
24318.301186316756,2157.796666799565
12153.85847269019,3711.7233188333303
32735.156298005037,5042.200744860163
13048.04987878192,3070.640987529305
40108.31458190086,2463.727699658611
23523.263782608337,1977.9543176842099
16082.440086771181,1281.894474511562
22716.809901321758,1096.7398688180808
33883.42273964362,2767.8532351219897
24027.852605595024,7134.740350698486
24651.25325051121,1578.9817678767013
35195.89265538905,1687.9673512524544
20559.687656517835,179.33809881492107
31274.790488553415,2433.04133821607
32330.53896892861,1035.9341091655804
26261.790133092738,2349.9148921863734
4646.8843095063485,593.7650640104907
6837.290992469325,4530.795275198545
18183.740114975186,2235.028430433578
41913.28902814811,3686.255233353654
39521.67262440662,492.1568456450385
37360.63748662303,4620.544402342162
2789.3731980929615,2804.102912718531
4659.731602707347,2457.8491949012187
4651.649329997311,2468.7445354975266
1281.736205317042,1576.8365935089857
2785.5139379732714,2151.362690322878
8659.70561427957,5069.7197898037
22231.791748256364,1338.943761004801
9803.33666296485,1520.064753217157
29889.812148640405,1003.6282819536377
26460.347307913256,3367.3864048243154
34525.95295471469,1087.096693125219
20953.420713836542,3745.293996304258
29496.435742802376,1810.5296498439006
31057.99104453185,3532.263063043008
37121.64757111832,1232.327976008635
36226.32256320876,2115.879613502535
16506.23467714374,1197.0719196793286
25101.629371092647,1807.0285881339707
32557.08623613532,1394.7384860014424
24377.45073294783,1760.1414831523716
20264.03755828655,3331.366296005484
23901.274692846204,1772.4832423133707
34003.353240311764,2056.4106213393293
7077.196630599638,1078.6658099984784
19424.996718266302,3598.270604855931
26188.213451920976,1859.9372845381713
3930.0844603744063,1444.5786579926003
29729.771622618846,3401.7877765468247
43356.9252548211,2337.055234532771
28605.080115080633,1988.1766804645788
9788.560188996247,2143.9579643643283
18973.048287274432,1734.1420793732484
10210.934860568528,1620.1300440951989
35243.027504198966,2062.115446943934
28983.547518649502,91.05436812770492
34454.460100331395,2837.868865177711
9661.9855676994,2092.170452831568
45955.38414617233,1607.143567955302
29478.210974166144,1686.5806664992028
27651.724444956253,1731.9741622203485
23260.065788135853,1961.4169244008526
17645.5115428148,3478.8817156034984
32357.99107819761,3163.7937974924366
23904.96776162296,648.2817016275711
4265.620912975506,3156.5713154673726
7801.47258105575,2171.733941148907
13899.535942369937,1359.1664902840876
10697.590190798268,4130.882996249274
10204.83006283269,1049.0830345455593
34561.9210239004,2620.884342004584
4133.9545968892835,1999.3315205087833
9527.165251071692,3549.4124468963646
39340.44040708868,2258.4695360015253
31467.36346409578,3485.2920407908464
17836.821331032315,671.2928812324558
43961.77462741738,1802.405433515
28956.971161632668,2327.5092038304165
15244.780541589897,5175.444068645942
52409.7198924738,1159.4271671622041
43956.580084955975,677.6849766797441
41827.14873395511,1635.8396991709828
49227.42516005461,2324.324042400239
7878.682980288016,4101.2413718954795
45261.751617155634,5832.949804976168
42870.88193172785,2792.5409211501214
9153.073908304441,4573.065081954455
37149.57138897299,2852.9308383247044
33099.58906280104,1400.2160144685429
17525.825638563143,1491.3298261398659
22738.727849473245,1448.4431851635968
19164.69943402246,2860.9551498217525
4414.671711210558,2463.620859252619
16722.425683484656,2263.0087377275877
8172.220907404449,630.212183130723
32413.10412638836,1871.7731312627138
3943.681891468781,1875.4304310148204
42829.655262673645,694.2551988432268
12865.717278391932,2831.334924989351
20233.779083094887,2320.0224291737254
44891.271092560346,1784.1164502608335
42755.106677494754,1803.914197546299
24425.374136672857,2103.4410307994935
8568.401124122076,1186.8257126129743
13184.28172549329,2422.8845526579075
8565.04915207248,2048.5179818717133
25285.33090239096,2550.895901456509
19329.903389850588,1433.858697032738
14186.664965501815,3595.5453095640373
9741.59731420258,1149.1719781138515
8350.499292000673,2392.137538580781
41566.14169019606,583.6860863768368
22991.71827896832,1027.9793502972716
25915.728710316384,4508.567649394708
21661.93264249464,1553.611565499884
20760.772339199746,1760.6397958655168
14749.481005430429,2108.753389119944
2235.0105208649384,3942.9554493179653
6990.335434043756,1649.9013758343735
28334.74323061974,1950.8609124296177
2614.7238846325517,804.679546968058
10160.684362004207,2259.229528551244
8574.294311993362,2531.8230425772563
14801.566629890753,2075.733472405291
43893.96420637792,5689.973868124422
19692.24989914432,1185.3763216564255
20451.733737032962,4126.875506734566
28888.568487773264,1092.5060480241432
10254.846122498095,2296.9723383422343
30134.044480296925,2494.582928036047
45788.16708582046,2033.0482290547259
18443.339788513418,2512.5143274499897
30533.045585812135,2992.937959673617
7209.171717912236,3105.3271244128478
32446.49234018018,2182.270505468874
5652.739757997999,1739.4742616260198
44225.45271430557,2905.6863334436907
33184.947025829664,1359.3170136060698
9799.236149683275,1055.8083164286268
25199.40227457544,3966.5831464175267
34526.6195411851,2234.8222264919436
9755.742959902953,506.33599202093285
16771.285237552904,2776.8140230500267
19582.588920909322,1856.0697155383918
6633.016988182707,1247.6335597966922
24515.070883162323,979.5210958530729
6230.136996040311,3712.3122790081293
3601.7807857919693,1193.0237014836428
13281.526667945842,6287.3414640119745
13649.68825213449,1778.3835207073319
28716.33667267926,676.7156328347724
26292.439152500796,4707.889528114667
9872.224046105082,964.947623686465
13992.120481588041,1817.8313620707822
1064.543311756342,5743.301719406711
3118.713931860961,4323.420161680503
6403.924605595311,1621.68851037006
4531.936874214736,1138.3896578552453
9009.610215245997,9475.78473807816
7617.839856364432,2620.656956518806
31380.93034876474,2259.6027099192715
47542.931769921495,2013.3347994765888
17301.0553316991,3088.6410619048106
7143.508122207233,3122.908956058596
37156.34860663089,1327.215099366571
3489.2214258862705,2288.9313185452083
6494.471778251495,3014.2813842504843
29199.384374977057,1639.182190843222
20675.900798539824,5397.176382717696
35009.73744027426,2999.833638527135
21151.19891706198,1841.7402462412645
32794.46318140135,934.5922879422284
44536.25895212268,2365.028073619115
8755.662124956316,3146.6547556424557
26886.524997768294,3326.1773182903876
23478.684838891433,780.4809031137405
37741.05523481191,6401.238581171752
63765.14545700807,3848.3509767156024
24745.449247134777,1937.1023663184515
21932.892053024385,2335.5787478518596
20059.883170520967,3851.55595309024
25283.77731081732,3128.5545219944975
14325.253139319157,1189.2077452920973
40830.76402625163,2137.288902903977
12661.137262147788,2010.0502422423267
2548.2257202040537,2451.970367466849
39990.05027943914,1788.5312159977516
41540.87364629452,1696.4256631685946
21890.4658348472,3729.1330880378864
8643.92459024611,2120.31391819978
6151.143223131909,2364.6048323295813
5320.214051883913,1198.8928276716206
2194.906422886107,2113.5014836519376
3241.581650205968,3197.4918303765007
3424.065933542277,3477.81000804089
2057.0245309801326,955.0358492833618
6341.694445794408,1152.4035970243965
6664.448572035585,2271.758911893354
16231.049733996992,820.6237608457542
23425.358716864517,2727.1058507418234
28952.971011629365,2849.037736125924
21035.660936312834,2726.775201912691
18822.489098764774,1586.2130777956029
5157.933010938564,2941.9553163176374
25906.157946748917,944.1903482830677
12523.41794813472,2756.8504981652227
9453.323013764695,4316.809450737673
18944.48053910022,2140.7955408950115
27224.177773407344,2262.099165737953
2282.1622787132314,5035.372338940482
10811.590297181447,3786.892089642496
12803.582348949989,2294.1473953417535
30281.221903153706,4883.473408225927
14834.933087501318,7823.979324386784
18526.934436206207,731.1927710801343
22260.083513071764,1108.4473830419552
14957.978880526769,1365.9735436365643
2285.3500245256523,3181.0462565579764
33910.4614062127,1300.2019987666947
25754.3300186339,6217.409359018006
18553.229566925824,1370.5790314477958
38249.498678077536,962.8336587558031
8767.656349003868,4100.992301790467
23758.554121637906,2693.540613333759
12880.435384854816,660.059154911981
3066.9596832231623,1191.864105459025
21026.935454701746,3084.882953508413
23524.64893908926,853.2782808596926
4964.116706033395,2053.580450356587
18327.68789471726,1140.1905113151831
6141.489625412044,3225.1473224360593
30532.96318630172,2156.7225547491926
21350.746082307123,1513.0207762321518
12668.383761287365,2414.1555337038853
30921.332416948393,1481.1535941516054
17787.933666435954,1402.054879724729
2543.612681392629,433.86803207130026
33208.348114532295,3899.1605963432903
34648.836718756225,1604.473229878014
27122.98836910099,2319.0946310387394
2839.041562586355,2110.9409641996567
6294.311526936679,1257.2232275308509
5801.9970380443465,5148.724535372219
50942.68573763923,2220.617693966798
36396.99173136071,4095.230615858997
28512.77683757344,2101.6494741233314
19859.408741352694,1885.0381621119336
3454.622386156536,1322.0783183150063
10875.423652147174,734.805356344957
12177.84151828832,1933.7890016848164
3289.9463955646315,3397.059502584953
2970.6310610242854,3082.3766622989697
631.978257040997,1320.2146772273904
2186.9243420669413,1267.736416279752
3822.1216670403614,3155.0515236814335
23012.274299538345,778.4497171383657
27785.65538665258,544.3668663831637
21144.12111802152,1274.276076426564
3821.690810348858,1407.9884469690428
10977.302001254106,2768.8460313661694
14865.758507298464,3443.945333782288
6240.181746364943,6399.527687550228
19605.665601616758,1914.611211189965
10776.600415416237,2286.511022474832
24808.347398002537,1590.5681795071548
9608.076571492582,658.5051442151225
7687.58860957198,3041.2950707999507
17647.047722453008,2680.678937042689
8995.253918206594,2297.860093425427
12342.127129726146,3869.8961337817173
2813.856558059129,465.7244449059536
11993.200721552661,1283.4721204074756
14372.252742534225,3101.4039717783407
3597.483557304789,2192.024188723967
8944.0668229645,1015.2144888598292
5331.085820180608,4866.725436553648
4063.370723152239,2589.4958144106085
2152.0948899776713,2207.8828116505183
2155.0824682941166,2131.397863964564
14372.972899277345,3724.4570856590835
4329.733375342705,2973.9786277590174
28296.451513185817,1404.5054810512256
29801.865804494744,1242.8772975974603
21875.466857560044,1026.6963498384198
13144.625061495664,3065.92391630128
30197.747685116414,5194.301847387132
7240.326136371015,2793.968954166633
33459.26969675581,1151.9389329498663
10812.202299293547,6235.351140392584
31427.9212973511,1048.781498004344
11661.589448900007,361.5073626641452
13167.93994973383,2675.641579176821
11947.353051512593,647.7184526250871
18598.253797824455,901.2906097371681
26151.225090011707,1928.4514086139943
31657.51285693913,2018.450772494491
39967.4234099809,1748.0587083045418
27781.2294926028,3184.63149005009
14961.69296731412,1663.6447793999707
11922.125404931685,2032.001472789554
29683.87002680949,1643.8361940679033
23150.102700786294,1278.7322087334933
2961.6094581500984,880.5525995310597
3455.6660624241013,5718.775813830643
36270.26543865922,3418.3803192452965
437.17320365361195,1933.9415704915664
449.17244807330127,3364.486733812971
5300.79822521185,1374.927595673539
22175.24507747095,1285.3801345182455
4846.493208151581,2052.8471617007076
5934.190438117889,4684.657660130135
29266.00247386058,1038.3743284526226
24516.74086019028,998.1817260820163
15035.892771446923,1867.1958319776286
27277.442235290935,1265.4684099167232
11183.207452104562,3434.9464924082345
4374.913116570089,993.3311862291678
21910.49676464939,1953.7363813091881
31114.695141478136,2682.063501466558
12223.485776744992,3840.8997019005483
2241.747456762045,4557.812675518518
4626.534321100974,1048.243893058949
17797.84271632527,1385.3987403005276
32185.960380265624,1286.0545195371699
19235.36417124811,1055.7748504186925
27071.99005935728,5220.4003789103
25257.41151181816,1262.250405787773
32593.687754522052,2470.4740646063974
4226.803093205411,2588.872419958591
12089.703161691377,1140.5414042551743
13903.392656612046,1334.2154435406305
13576.252589179805,3260.457291198642
1263.979830871152,1340.952800934855
6723.786084573647,2906.135745368863
9005.878849814642,550.5248171037222
13931.789304481701,1007.5314886131088
25138.91242866605,2876.847666362866
4597.577308314414,961.1332725527415
12753.231430760477,2456.093345002184
657.9600368768726,2276.889689010487
2066.097578750426,3172.1349880148146
1647.8965243107002,1527.2657013364842
14179.772681094126,1164.8950998299451
7927.818683606292,641.8170437830864
25173.50412214306,6248.198392820341
17273.243032257935,1187.578110792548
8231.671129708266,1019.5216393260833
38466.81783491453,732.9581033019319
19396.166646236295,1726.9927842791985
19634.610956815595,2591.960414175211
31589.178256212155,2213.831046301899
13331.939265428966,2637.546812369048
18631.978660387646,1634.270383045949
29736.56597029198,3483.7775186273107
30498.779527223458,2922.575935310732
20571.644987398016,1702.6523088002139
8466.13912170124,3118.2821231744374
20682.883289267254,1927.2435261730918
14136.391005554955,1672.7766424152217
15243.408852852941,1153.6784172694768
32984.774278326884,3596.528556791782
20311.811567858895,910.5014961020145
25191.711617395413,2687.3988552209275
16821.166021648503,3865.400700734317
16219.79080927178,4558.507871674876
33959.55791974219,4415.006852960314
17118.328809812912,4092.486981090706
5420.406032152643,2156.4746791409116
15006.226692061337,3464.212181095958
4245.763718993012,3331.437185431372
10598.018239457926,940.8303029377179
16645.454435404852,2218.4122791027603
10072.91518891601,1186.0790164524246
27652.898798473663,928.4622039818173
22581.851086962943,1546.776140486641
34865.22338036686,1201.2956827355551
18436.21649745479,556.0592728776012
20736.59080946083,814.4611939940519
15661.002977896762,2652.721490570688
6813.754437869382,525.3687608836212
7674.694634822692,1045.4322502898854
16896.923822758927,1479.969738289159
36060.3017949164,1479.191714651071
24864.70131814171,1186.7650780003717
26038.80502710712,1476.1063302352695
8422.266543318925,2295.0119340132414
32704.436097196853,1535.2691855748276
53678.647585055165,2232.1481617760887
16876.688093774428,2532.8418939382764
29216.67237303557,1712.5052968996056
20254.706855499542,2343.4649409928024
24499.689211628505,1106.7219487262016
37193.45021643786,2183.3167100857763
59094.71330731836,1488.7570588827734
43373.25318025296,2097.772720161624
17563.56041322811,3603.904136034521
24557.45517127779,2405.5227303802476
23302.583283454973,1225.9591069334986
21688.07698363764,3197.752803898953
7055.284164246044,476.10041163022464
13732.305911521576,1535.9758205767832
49839.802487379355,1081.6803378209347
2946.6372262519944,610.0414156280075
28902.026231029773,5479.2993238250465
24310.206532630586,4790.044585331828
15765.954030123528,1603.8978032146754
21545.09247475003,1467.4650168740332
5884.194058773223,928.3956381362608
31378.110516376466,2612.053700908451
8574.578935448035,2471.4851171862915
14653.18849547231,1221.6067044432584
23377.289531746115,3310.1989475170576
21808.011326363616,3894.1827511022498
3211.1280963703207,5044.298951682139
28072.28718694345,1367.6797634918244
1988.5422207663528,282.7621567645584
1743.8838764267593,2098.7834359526128
22838.870075630108,2192.011694363378
3478.3482558320557,4941.226981143338
18981.27552838358,1467.8436257762348
21636.246488306417,1017.7550204287922
7449.383810756514,1358.480399065935
7365.767266498709,2623.301515216234
25666.90010655417,2505.0008165487825
15570.254354972672,1446.9920443802732
5246.801924463816,1211.551213384605
13012.376701610641,3279.666386783959
846.2433681563207,1904.7389606285062
16245.374839948914,1336.602260349069
9147.431065442222,2910.1196784571102
15284.682116581009,5021.485943316479
10942.555513520265,1666.3610455310034
11767.182819208476,1590.1745329058458
19374.298792719663,2868.575976432666
7191.013168292309,3904.5062250037395
14202.62093367108,1034.9193722997968
4240.8267549333,2024.0663062427952
9147.027306527016,3014.630774546658
6760.794059701768,3192.750853967072
1475.4460673428584,1112.5342488024123
34462.91817414713,2003.870850651925
3296.7152494758893,1334.2516228293116
27376.17999714989,1486.1247023010735
15155.353299670407,860.3729481575622
8751.505075748908,1534.152526740285
3607.7716072512117,1941.0534345248302
11489.075317475694,1871.7384189041093
18415.442395040795,1875.048514369429
21809.747319362094,3791.1812556980285
12164.936294039713,1110.8940700328799
8940.870853834045,898.678675467709
1388.4574545138294,1308.7554863822393
3881.7359011957215,1815.3443720629334
17582.14358948852,1663.5190875179248
8480.826906661925,3830.213528240119
19646.93832697229,1819.2898258861778
20092.181025671103,2993.143328649332
4898.63698089441,1946.136141607747
17043.6768596333,3307.1585348817816
12958.92013978361,1398.8035264601049
14967.833414264358,2993.3054575346096
3915.727252860553,3114.3593058082984
1804.5700171772614,1661.733338836797
10070.047677043982,1927.6360460509895
36879.0483224025,3074.2348572787773
34102.98903920172,3254.8661135451853
9404.461391723915,5014.146310123732
13895.86239387282,3920.41489000532
3857.557595392766,2341.014921888933
14302.68159863049,831.3091515949907
11880.692797687136,3851.61706128662
32379.28505811094,3601.0141101719073
27681.042426425236,2032.3044231363983
13905.477749196058,2842.9795823755503
17489.89243988669,1217.4944735502065
32229.68909825002,682.7213800533157
23008.054715440143,3968.3298829041823
35771.56576670005,477.85537517237015
38367.480835426286,3417.7572690785264
19915.976717958183,2540.1037506290113
21425.75246107183,2327.688052498071
26965.270414704275,1548.0943430605262
29279.40202944416,2693.229982562574
32276.29546033575,2578.114346697959
22061.13005367422,1810.6993333550786
13724.851186663522,582.8480726043988
35559.30012022289,1257.2662566301203
18642.626328537262,1407.6602508373367
17539.420285582135,2000.6856567882573
6291.300080966184,3867.687143171107
27444.143828319833,945.9526370238844
7665.760559399003,3244.116165294806
25095.80525022467,776.81167741043
12544.894096502303,1258.0094974225171
35248.958630286856,1577.9044303944886
31977.48899540636,365.87716488746906
50147.45189405262,1100.055883956138
30927.870825193462,768.1673430793807
45380.8732509044,1678.2844407398911
31616.062431707942,4064.7650642572817
32428.520131312587,1323.9191679628418
48634.781316887114,3545.408857473062
13385.57672939888,3006.9689647144387
8709.810622594463,1291.4418881011734
28311.949776443602,1116.954276809632
43522.99062602055,1809.6518868518601
27336.732937309054,4506.005108209744
10948.845655322108,2341.903127788979
3124.4142595038584,1657.8110575324047
10698.22625777721,1135.1261646409614
23914.328263500196,2198.077126584078
12454.412245144222,1117.586128484045
8500.628545745141,1789.0475730271921
2635.301424748079,2205.0568923081764
18584.028391329848,2623.8575572759037
10947.281509773311,3530.657556408221
6987.679474827723,4066.15046186243
11779.467191933576,1425.8742013489543
9806.979011880503,1480.8822570547625
26386.14548309793,6671.86540005811
526.1879802893959,1740.4195703581972
2971.8770162765513,1450.2565972469417
1810.7690223532468,3554.011474280114
18301.21506722829,2070.5250564216035
39720.49140585694,2265.4437015299623
32414.27319640054,7864.452471883567
17591.258377870832,3511.2792185592484
5258.80554332912,5888.143532103788
37850.167058306564,2715.008498639176
31467.281384970316,1161.584668732298
7438.600907812086,1584.822846873525
35894.73109955023,570.7417137394594
35901.39894659906,1723.1076023941816
12750.284139558977,3334.5737612471194
17827.795952532244,1451.8026041635196
52168.26585156523,3163.8828501791786
35447.82143633659,3114.7508166040516
37394.76139530246,1317.2303401336167
29831.55930192446,1507.9249117000488
35691.21208214861,2657.7168575314213
32799.444598306014,3217.0804556459716
5332.688267255831,2377.7679990229262
23162.61478668085,1786.6484910809986
2960.1085500783197,5829.697972018226
3557.3691019789576,1527.8728830575412
17494.3953417703,1328.177155552994
1029.4177082439644,2090.197424421619
28387.849963482076,794.88315244545
19349.668980962062,2907.005632070295
4449.051469506342,1124.6265379362133
24069.176154873727,2403.408550205237
27789.095581027585,1777.369527968876
33839.65783915012,3788.1189022697463
31095.54447732681,1140.3122007555442
24827.29131280642,1360.8275548833944
567.1316468763774,644.9331023629516
7240.386735687994,1382.2110732089543
23070.033472742634,1493.2638380984936
34049.42165312644,2053.689728286613
40626.415530904065,3871.308761963122
20425.831917330568,958.5586071965078
28123.936130079666,2829.1502488533924
7990.377835671766,1212.609853287454
17546.97270876129,1994.187225070892
26842.290138862525,2471.1869132256943
8787.199023826683,2756.4501998108362
8786.200109285628,1961.0159077170235
24490.058948527505,6331.284384678196
25172.39270940465,702.1863351070999
7739.957772480652,862.7331908153833
38974.636533187775,4723.9316509472865
27718.230322604515,2765.818615625079
25571.32913092305,2105.012203953764
11563.826674438651,2422.598340389798
31716.46052645085,2477.9730018287923
44327.50044730837,2345.7196733815717
7202.1641843678735,3600.1856357188735
45004.139412483855,1894.3462480342857
39113.26752108801,4425.399213379095
16754.603243760215,3240.0432163217174
27849.818801260197,928.9455633655925
39478.724295454296,2685.9218648354827
2150.5197467979706,3378.25966720085
40735.479612702235,2414.1353154524586
22869.354045094948,3198.203858429543
1317.6285551640303,1886.0443162034362
2125.963375775555,3371.5438920286692
31307.769125658575,5835.669418860738
43018.46298168138,2570.1271982052135
17919.84979262553,2192.8176964309105
22602.34258326199,4267.002036715386
25228.93762957109,2890.8102025224666
5631.841444631435,1663.4614886914796
14588.42192661353,2130.8712386729176
10073.878467740784,3910.614611828578
6609.716034121169,4541.098631294729
20016.80109481727,1036.8601856858909
34356.248445358004,1366.3426339773434
21264.328491398275,1865.2621582635122
8958.014728561744,767.5279596942365
27154.36309448462,2056.9316392246587
33173.1238305654,1332.858689817622
17045.32283657882,1029.1183054580729
31396.339340813316,6690.846301013176
45803.95907789223,3012.9964558105044
9293.783017030222,1370.9570187873742
24956.193712625023,3047.2479701886173
26684.476382663917,1108.6436568863476
12641.075297217198,3228.448178393456
12942.598456396638,492.8195260132815
27838.112575855048,1514.4809282284514
4206.324792623663,3241.1927227074007
33584.60447733517,2431.414951269652
34697.69510748972,923.4814863928652
29211.117973144224,1866.7255688799178
43491.51914903154,707.4605064574959
16805.644032139146,7289.053335818954
12551.243527947434,5067.629426404719
18750.786428977815,3196.117816621934
21699.960651064153,4554.769034686827
3371.160317782548,1420.9690500091763
16212.404300433642,1858.2090667498398
28270.24814172964,1524.7060115159197
49656.85566395993,2109.7021496906855
37659.21802066028,635.3625822231866
31079.2548743139,1549.590358090617
8180.537139151075,383.9700893322143
20496.383054544676,3965.6491323181817
20780.191939012373,1267.7453968838802
33104.769370979084,1752.9013709087183
27827.007657301423,1931.3466476387325
42519.390489315374,1842.4338948272411
41283.28261395163,5710.731113475486
22464.659745052006,1249.2154746692675
26129.25983031325,2109.3294367033577
32194.336735186946,3393.0370971472553
5744.1759687011345,2290.9118305473853
3864.4905542179513,2427.1094354510014
1528.8822120733462,2032.4983026529208
28409.781242080997,534.0029160236451
21183.152044682665,1368.8407304681841
12039.195657929333,3041.0679882978798
36449.41508180711,197.58835771868658
15788.292116073035,2995.625894165877
16018.259782127334,3016.0433240018924
26818.917248688074,2394.30470468939
11703.050222199567,3742.398089814085
38468.21064332548,843.747865028603
337.7648073120937,2067.7720889679736
3486.6142668035545,2018.574000429217
4743.896091251628,2546.6872867608868
24978.13902299301,2222.326396551322
14625.872219916513,1581.9044923211447
36140.348291018316,2705.35525908524
11911.157499029454,1325.4798854980904
39323.91992960913,1733.9238070872136
5972.995018637848,5983.109529435565
25812.95627571858,832.9726436343935
13111.77470617356,3482.3991290635017
8067.449887909325,1353.3237491579232
1644.5252314611876,1168.7035294179705
10257.90757268571,2761.54808440484
6186.809596023549,1003.7919000368215
4160.07655782851,2745.738686108984
5185.439156846294,4211.769913258555
20671.042066198715,1113.7091326701047
18063.56948726092,1868.7363093062277
12241.51442495866,2753.7951255297594
12315.60925757208,814.2841723961517
11316.461558282725,2953.886282881493
4644.003364013433,859.7693281839112
28224.760611090132,2719.4104562360917
20703.588516759814,1401.565595562101
7754.99044523086,3718.3962427977276
34127.46311799496,787.2708309881949
27609.639092761772,2905.9764854131245
20586.87576683327,3624.7371432023842
18909.378406652017,1666.300328218278
8124.982513206842,683.2341195913527
41955.760649762364,1472.3453606065902
5593.004051087365,5348.873956530969
1081.21370012749,1618.7655017335667
1783.0095252730507,2360.166988268213
11661.918502551518,3238.1863261309236
15628.358687332407,1093.4884432729696
20597.77118641954,3694.3298454419773
27665.074455519236,7818.698636899857
18333.770215160832,2397.730804255048
24056.944488013396,2817.621044832715
4734.9370211961,1202.2938128403866
10627.529396355909,1861.1442184721204
14146.25203609612,1044.8866828454998
7032.046294293058,6177.217886006648
5786.124318080561,1597.686413784042
36869.081596249736,3318.6778329995927
29477.32804221571,2440.77084632281
7653.347358088008,2467.643467738613
40028.66168592639,3980.0620478385213
16712.036586293423,1068.1176914933224
6670.126833236594,1168.155033899069
5283.531208494317,2170.860990939099
39949.834210363166,3854.872398090084
12467.223345756296,3012.7251921878697
26673.754506200043,3274.3054866130196
27309.095061526317,2075.8409212469833
10670.739081116568,1314.4281899438538
37320.755711713384,1962.4430278866762
29492.851835086396,1220.1011222151174
1936.9505442859722,2581.7480669513825
7219.937904039975,4240.181948819349
6610.878903324335,2008.9686279954778
1836.8181152837606,4556.222834612236
45496.254387097026,2174.8712766441763
17540.395636348745,2671.0758042023485
26559.803774687036,3697.6684831479965
25675.25862880142,1235.3084224188317
12114.572915020022,1836.5174609749088
30546.003549484274,280.59532697762734
4694.877069065285,1430.4693139861895
15077.838534945871,3112.1185578285804
14382.115338953605,2597.7288020751275
21219.351251298478,1505.9547792089436
17843.14457392315,1732.1161012462328
29830.52596938032,3169.128547066869
19492.8498434084,4173.659966536819
8947.904499494372,2752.576799126151
23852.492266007088,3393.170282024412
4213.286512388449,2822.7008143384737
16619.824669710644,3869.460698406448
5406.878975393042,1250.338802914064
18097.238444639777,788.0203737092302
30843.069824847236,1537.6396888397796
5687.700513959689,4379.367108383814
11326.645046854821,1841.34115710665
12209.596919768557,2778.89337722848
41608.72389072792,1464.1621516916227
22524.842810642804,1262.1496197695649
12898.190781830199,2644.2326388678916
34680.148519130824,1131.0937395951514
6111.584644088176,512.6519995136191
9702.056243122834,1258.2233516560634
1961.380106563355,670.6884972774475
8081.681828300772,3250.405630847418
22112.069515514126,1779.6322179198921
33598.948977409884,1743.346627996865
12850.733343949156,546.608964599538
2409.171969500384,9875.153459372337
22997.406243612553,1971.085476911769
4124.737003342836,1655.9018526269908
19707.80190668759,2050.7179613737535
2945.8217825562333,2259.9455674455603
32712.388895664928,802.2815820359881
27382.837784258783,623.8025697406197
32072.44368209463,1137.7671345080057
8746.269070788767,3068.906915360416
1984.0662534716657,3494.8260903926025
42440.12886254641,1478.7060543851428
13425.38279498295,780.8723435283828
1051.6329403006414,556.9704526233025
16459.775569525045,892.7171162469542
42478.88536496059,1947.8948724597683
17035.93118751023,2133.028387249144
7039.139758070542,1532.5927433786158
6436.619371356091,1598.0017334919723
18632.728107017745,3583.0266183159706
43757.62484689438,284.44366982545614
2754.013236001692,3853.17949162342
3150.9233692286916,1751.433435557061
21244.802466001925,1145.6942610214144
3663.9550668648935,2403.6137659823603
430.8351965384557,1849.5658693834037
686.5682834177833,3878.525009714762
1939.2954517854816,540.1321411593776
8858.696319055936,618.6921971554118
6738.6545187571965,1698.84360815232
17956.17143676561,2114.596221805099
3439.9753936894317,281.3864127670574
5184.134479620093,975.5974359366598
1442.0725100410707,1629.1533190077212
19546.414839264286,1020.3718708499675
8706.058140477044,1976.0745313023795
5914.587258591126,3306.088807326717
1004.2577127164905,4308.055631751001
3095.478708756706,2328.5265633493323
20901.5938213124,1235.9942614896956
20708.405701131327,4530.958945350276
11569.983985408111,1786.3756783853253
24044.67117103776,2631.87671868914
5057.735359783148,1732.1559307102536
12356.886168864217,1976.2570630901114
2995.804199289202,2723.741489324586
7625.759833782354,1489.8909800637207
20564.61564949987,1970.1431154329246
15287.295243385914,1500.6677899085207
5143.9244173215275,1116.1632027338892
10106.008094005134,1627.0611895443726
5867.115043992167,1270.5688825760426
8634.109851303263,1383.9738124331052
2889.7745765162695,3347.379608790119
6469.4037197240095,1807.8684515270875
6241.4229502278795,842.4150044888191
1626.546513232915,267.1170671131162
1505.8786426705435,1179.9153227567385
16438.275776158163,1396.5464517200662
5982.094038447419,2386.9985222225096
16134.614195323595,1891.4993100300912
17942.831212428897,2206.2107462341337
1417.3872172469748,1428.7902688665565
23671.77463522514,2146.3670599418233
26413.554549026678,1370.0953760632299
21300.91497881593,2846.711203610311
4144.3186246674395,1678.5244563053811
4263.101768936377,3384.4404611223827
2559.9360381199162,1603.5558250095992
3484.8638197731916,1971.6042803295693
746.7263515092534,7248.53232515482
17595.71989361366,1824.609943500815
9149.194647496113,2859.38697938529
1274.1654597144495,2155.8127965156423
22922.606382163303,1413.6839388174951
31659.728068454315,1082.2278992956346
4901.259970620409,2014.4057365682004
10024.943351589949,1288.4586071624815
2212.3818680763893,3174.6538412175523
1763.8769483360654,1409.2342494451177
15595.514936576208,2383.59036969439
4514.6090244415345,2182.0239158873073
16689.006850458867,8727.025969574897
13653.454931321854,1276.239202966548
3480.6774175635596,1875.4406291082792
23503.824695858715,686.6564932878314
33345.013823031586,1908.4546198495725
26456.905682176737,2257.4555554338795
20557.111098576497,2437.1266857881815
15264.912058867758,1595.4128349915131
27229.94750604618,929.1651877167658
8332.444271062639,2435.1286630535965
14021.813395107096,2453.0336188957217
15979.500106908463,1590.8260682050534
4325.747746345145,901.5130849425005
12055.84132717322,3143.279051365817
15760.52903882459,1138.6549012338187
4193.2269174240055,2061.2750998691045
9545.222879913974,1681.6495659721077
725.9722229891482,1068.5668154621644
1155.8638093589914,882.0805237229129
2156.8380695249148,1042.282160376475
17188.059447409967,1102.2000008630007
5314.139189388398,2298.9644938162965
25517.126700680332,1235.1643461178458
16313.895779121402,1795.8422880770806
6248.666529133027,527.0958817710338
25210.581620260076,1329.1264863554918
7102.311740574913,1800.5066848932129
10570.171545501453,717.8583435712758
5688.719024162903,8663.736187692593
13190.472337327114,1536.571335356693
10363.424270109772,1014.8389380391806
7426.31416891777,3573.3385983039043
7657.902459461905,1877.1589553530423
1729.177824905509,1318.7997369950162
1614.289834152364,1420.3378996706788
18959.787697865166,3323.7904021577992
2303.895345989432,1386.1543831201398
7985.550543421055,1480.565252279088
8543.265518173812,2965.6869710331857
14191.568346774053,2136.615555192352
4730.659841212824,898.4631853780038
1529.9261423056903,2948.2729512904766
5835.870871594676,1643.2334155856342
24735.814782788624,1555.3736877603671
22100.29819757147,3174.5108215684586
29367.563168963105,2682.399057627587
22787.00982849742,2970.027955234629
6912.291460966935,873.6268163613618
20855.452285767664,4098.253232175447
13519.737084337215,1825.6278576629818
40987.49235686751,2416.8847241410244
38731.2871331463,2604.2625444033547
13867.719597272677,2015.2242549970952
3670.587759251559,2536.6368660906937
4305.400519448273,2888.9484917973177
19100.52476034595,3882.819700978329
1633.1224622086781,3161.273977469089
14098.520271272611,703.0539420682231
17997.69094013516,863.8574931221568
15363.075221204488,5053.078003288433
17845.43008148602,2725.7799110100623
18512.38384990253,3471.0501547681633
4378.235207641319,2019.2426973010922
7027.957502213377,2000.5853132750256
20456.30055586538,573.9269335992457
2648.4681629191,762.5049635589914
4992.188903610468,2275.134654225647
12651.68913204518,4170.297870491689
29342.341342167743,3563.3565114978537
3058.5730037937205,1488.7573905736929
1542.9971385467302,2215.5922230186898
3976.901893673501,1349.9433305874331
10207.410461871432,1177.9240631272337
13181.073658127823,750.5730957507755
3329.4584518501965,826.438007960012
15607.833860561865,2638.4879614478878
1961.26677199946,7071.539043753653
9798.056118337401,1671.385627851665
2143.9222438365573,849.9440261980399
2884.3799506612627,2755.1077126287773
16301.749709514186,3005.5480558966156
4554.28028313759,1207.8054549089263
13331.219960063932,2277.9121150175965
7853.521390563802,3308.1252345166586
20413.52165580128,1338.378023108072
12438.577600822517,1746.1177352118507
12986.293174153705,1262.3037041089508
26999.660464801535,1918.2136747655288
6433.235798392152,1679.6512464458228
12770.76822686268,5244.343081622822
3863.1479665827437,2431.9425813805383
23731.142656837805,3419.4971264505316
4377.024951006134,1269.3778390303057
31160.82074164022,645.0224129663216
18553.395838541415,3552.6783427497508
6110.37437577139,525.3493036658302
16567.903172226816,1604.9698353379958
20599.118987839116,2285.895063203498
26227.333049579785,579.0134021690093
24128.844375732842,4433.806682581503
23335.34428046675,13815.201501256724
16655.134319533463,6314.786041017679
12339.984022440383,2725.130628933247
7108.589875506576,5023.09067051868
20331.89622937234,639.8076037786931
32368.198806120585,1290.1787759298861
29637.96441338292,2501.621801907132
3912.5957243265875,1781.392268476715
7098.978973008415,302.1470529232615
5990.5118353640755,971.1074205655807
1424.5617245086037,2731.77805254098
5751.22628901914,1539.3009794311365
8610.800337957025,879.4992400758176
41887.234175130165,2063.7365962373265
24030.542984771037,7600.120348319105
4426.365026448544,1888.9158725447594
15654.477121120646,1291.3850007235283
14214.820158848226,1097.6656953882234
16494.42497974917,1674.3264198757852
16173.430571063489,3833.001611457767
5081.8342464366315,3053.96863091405
22997.02969278855,2274.2614023123774
631.0452853774779,6371.690416574459
4665.133172985787,774.8030423622426
17218.45402925349,1226.1750230219504
11906.246052701414,2403.958008808084
5884.523409598312,2606.7894696399894
21308.200219966417,2783.576103815856
14120.340544804305,2652.917550700227
2171.565176920909,2593.9376310758944
2727.7055139426193,1150.976852222683
4478.862101071022,1571.0446337373064
37062.325457867526,2529.5713240204977
21666.736201763357,4734.978615401967
21978.92509919961,2539.325193641556
20798.296011649592,4119.851249381039
11913.42089017771,1368.8652740665254
15399.438281567676,560.633569445334
18053.43019060739,2622.8761870528165
10012.126206693341,1353.4079713200435
15324.353402994777,2065.2431651185416
16866.567317574514,1023.47021474134
1921.3058976570844,1783.0831991341934
7320.601283497633,2292.2228364988555
11819.0178359895,686.2309770234353
11353.02139362719,2409.8799281888114
5322.70335041486,538.0943860449811
21769.197166703823,1997.2739307571428
12065.72144299914,3372.5122626453485
5690.014909055297,2310.184742486019
7962.096057693167,2598.843250383835
26108.60416098011,4197.650793396273
14887.650413051746,2777.469698327923
28038.063262960623,4812.285421380897
30252.16671194977,7181.842494770274
6610.762322221828,1060.2508579201628
12444.109502033465,2490.3259543047784
22336.197127770934,2002.451392820089
8855.195215175521,3123.2532211498815
29017.353359331442,2249.6582871296373
28879.101279802777,2228.2552130017993
21742.510106496647,4034.926368548544
7355.6766890334875,761.6064281791728
3975.08999595099,2507.390132430536
1886.0277456181507,3504.670558244601
610.050824147516,2640.3093269778637
832.771574243771,1291.5134589374472
4295.5314706655945,2165.083245787706
6462.341319853873,2613.1241255134064
89.96431017867222,2900.8193930033376
7568.728926154881,1256.278377535786
7782.497234007156,2708.8746712680877
2774.848081979179,971.9549721335468
3187.7844346028323,2161.9956636148677
12704.125066774664,1972.2912563653404
6157.167132805186,1431.1273574596946
9453.461664878703,1066.1755782875023
19899.10130892891,3587.1975292104357
25953.414365867666,1163.652073422913
17001.938828619335,505.80177147317465
17316.22379914075,1898.7870383779773
12125.892510778362,1171.9262499864294
1809.1665731523276,3157.2907150266037
2459.858129847908,2068.9467780875516
25419.922780834317,3355.8081439929056
6833.373674583344,1085.9335996022403
14992.919918805446,1973.0053326944974
6035.873538942021,2630.6219801753527
12339.675557294466,2453.2692141766697
1056.2023548125646,688.4002557211513
1107.265366684445,1975.1572330031242
8534.780278389548,2152.8902988687923
16459.396821306003,1741.3395835756398
15961.69026199473,2845.7387389449564
3650.55733996545,1715.751427661189
32521.735631412826,3067.1650721234605
18026.391623011456,2033.1144371666828
20845.86469047901,2732.573994986219
23311.825731663877,1057.1016058112539
17455.711352830178,724.3490786621653
1646.0129280497333,1961.345589745029
2586.006659006347,1878.936763797505
8263.503435001821,1687.1113035671697
10405.057808541922,2458.83911454126
16556.31428899422,1240.3877878496223
18302.63178753964,1089.4950102526436
8206.100378469644,807.9854664139143
11369.693726525576,1366.0676726448544
20085.466214062435,2113.2797848289247
8071.438260503217,1901.6106314879157
22501.751122245292,2404.656375698282
6226.33676518841,1494.3895332190223
37542.58419769223,5444.26155446978
13551.05137643535,3325.8635688803206
21630.746697285933,4047.526332687986
29209.424827621202,3745.8197684719166
7425.693501341714,1074.479629380525
16263.6468521602,4188.320856742911
14959.383336631376,1947.3960054501365
30220.72350578641,1345.8808748024994
31521.08956095117,1843.5705170177255
13445.554822441649,2018.3216223498832
14666.47654057738,1372.4530865418587
33279.0222233639,3479.065795810273
592.3880431994052,1243.0627544299382
9945.764414075982,2347.165114176234
21451.567843365898,1361.335874225089
2618.0543639911907,1616.8631796919142
17729.63462108217,1544.3557296345075
3267.036042693949,3797.6999130884014
21553.495250676526,1071.6597167857087
4349.127268482782,1391.1007495891638
6649.808802792238,3450.467158464393
1662.5125519963094,1535.1257785082364
4640.168188448176,3326.9397811883405
18224.09925239386,2038.0561363638594
3137.932175456436,3343.3128651128577
6749.4625312175995,2048.251460346704
11938.995807468818,2602.6883556231724
25430.89086540643,1556.6383756770974
4554.353644711033,355.5661591325718
8591.168295993053,2134.8335020071663
1034.3379712105743,3103.158480843555
15305.443340522717,965.3512496353627
21352.20016947426,4389.522695572316
8707.837142824468,2517.9288123861684
8135.048361767899,2135.1029976383816
7646.598938856265,2031.1067197116386
7592.695407662366,1929.10978253576
14884.009485893754,1090.7769331779032
25211.36762658254,696.4935946154546
29822.324361809904,3299.325207133592
14426.301769791005,4620.260704562196
14750.090029164297,1874.7136407988603
26523.36087163157,1066.5459662126532
16213.175459891647,1388.615915571956
16994.746402838307,1516.0203329363085
23489.466953664974,3292.3820004239383
10156.341362528448,1867.889184200628
38205.134457240856,1653.6441536347775
14710.38190009569,307.9647896775322
8091.434772120956,2544.689892190169
16534.220277768844,938.0150357965477
17119.587660870584,741.6619630115439
17406.638003302367,2255.585437216295
19525.362447816762,2161.584669345947
23666.66777887299,3099.717813179714
14373.813070555056,4203.738503003371
19625.456202923575,7814.9489454463655
13855.83124115701,2659.770948414906
10319.623910126986,1878.5158786989202
25012.479111720226,1964.835085830177
9486.186377277909,895.9373770942544
14117.01982790328,1977.1799386800901
13421.239488962978,2192.12211665781
18581.629341750733,2204.0599208971908
24934.658726311336,1780.0648757928072
19736.0052206043,3357.3554102986072
14749.694963489448,2202.4143187013565
14429.671046189304,1465.7651007051386
17496.280021021706,1752.0380648434987
19771.169825138495,2893.5915869742093
19131.576552468345,1998.501201468493
22887.045232722783,3188.5241184376464
29069.648196983948,2471.529360443763
16953.803741640448,2489.562722048943
21024.97695848882,1067.8199704868869
5315.682696634491,3722.935845504391
5667.1586698866295,3614.142221955727
22952.51055850452,834.0048841273144
